-- BIOS
INSERT INTO bio (id, description) VALUES
(1, 'Bio 1'), (2, 'Bio 2'), (3, 'Bio 3'), (4, 'Bio 4'), (5, 'Bio 5'),
(6, 'Bio 6'), (7, 'Bio 7'), (8, 'Bio 8'), (9, 'Bio 9'), (10, 'Bio 10');

-- AUTHORS
INSERT INTO author (id, name, bio_id) VALUES
(1, 'Author 1', 1), (2, 'Author 2', 2), (3, 'Author 3', 3),
(4, 'Author 4', 4), (5, 'Author 5', 5), (6, 'Author 6', 6),
(7, 'Author 7', 7), (8, 'Author 8', 8), (9, 'Author 9', 9), (10, 'Author 10', 10);

-- BOOKS (10 par auteur)
INSERT INTO book (id, title, author_id) VALUES
(1, 'Book 1-1', 1), (2, 'Book 1-2', 1), (3, 'Book 1-3', 1), (4, 'Book 1-4', 1), (5, 'Book 1-5', 1),
(6, 'Book 1-6', 1), (7, 'Book 1-7', 1), (8, 'Book 1-8', 1), (9, 'Book 1-9', 1), (10, 'Book 1-10', 1),

(11, 'Book 2-1', 2), (12, 'Book 2-2', 2), (13, 'Book 2-3', 2), (14, 'Book 2-4', 2), (15, 'Book 2-5', 2),
(16, 'Book 2-6', 2), (17, 'Book 2-7', 2), (18, 'Book 2-8', 2), (19, 'Book 2-9', 2), (20, 'Book 2-10', 2),

(21, 'Book 3-1', 3), (22, 'Book 3-2', 3), (23, 'Book 3-3', 3), (24, 'Book 3-4', 3), (25, 'Book 3-5', 3),
(26, 'Book 3-6', 3), (27, 'Book 3-7', 3), (28, 'Book 3-8', 3), (29, 'Book 3-9', 3), (30, 'Book 3-10', 3),

(31, 'Book 4-1', 4), (32, 'Book 4-2', 4), (33, 'Book 4-3', 4), (34, 'Book 4-4', 4), (35, 'Book 4-5', 4),
(36, 'Book 4-6', 4), (37, 'Book 4-7', 4), (38, 'Book 4-8', 4), (39, 'Book 4-9', 4), (40, 'Book 4-10', 4),

(41, 'Book 5-1', 5), (42, 'Book 5-2', 5), (43, 'Book 5-3', 5), (44, 'Book 5-4', 5), (45, 'Book 5-5', 5),
(46, 'Book 5-6', 5), (47, 'Book 5-7', 5), (48, 'Book 5-8', 5), (49, 'Book 5-9', 5), (50, 'Book 5-10', 5),

(51, 'Book 6-1', 6), (52, 'Book 6-2', 6), (53, 'Book 6-3', 6), (54, 'Book 6-4', 6), (55, 'Book 6-5', 6),
(56, 'Book 6-6', 6), (57, 'Book 6-7', 6), (58, 'Book 6-8', 6), (59, 'Book 6-9', 6), (60, 'Book 6-10', 6),

(61, 'Book 7-1', 7), (62, 'Book 7-2', 7), (63, 'Book 7-3', 7), (64, 'Book 7-4', 7), (65, 'Book 7-5', 7),
(66, 'Book 7-6', 7), (67, 'Book 7-7', 7), (68, 'Book 7-8', 7), (69, 'Book 7-9', 7), (70, 'Book 7-10', 7),

(71, 'Book 8-1', 8), (72, 'Book 8-2', 8), (73, 'Book 8-3', 8), (74, 'Book 8-4', 8), (75, 'Book 8-5', 8),
(76, 'Book 8-6', 8), (77, 'Book 8-7', 8), (78, 'Book 8-8', 8), (79, 'Book 8-9', 8), (80, 'Book 8-10', 8),

(81, 'Book 9-1', 9), (82, 'Book 9-2', 9), (83, 'Book 9-3', 9), (84, 'Book 9-4', 9), (85, 'Book 9-5', 9),
(86, 'Book 9-6', 9), (87, 'Book 9-7', 9), (88, 'Book 9-8', 9), (89, 'Book 9-9', 9), (90, 'Book 9-10', 9),

(91, 'Book 10-1', 10), (92, 'Book 10-2', 10), (93, 'Book 10-3', 10), (94, 'Book 10-4', 10), (95, 'Book 10-5', 10),
(96, 'Book 10-6', 10), (97, 'Book 10-7', 10), (98, 'Book 10-8', 10), (99, 'Book 10-9', 10), (100, 'Book 10-10', 10);
